1,Date,AMZN,GOOG,META,MSFT,ORCL
2,2020-01-02,94.90049743652344,68.36849975585938,209.77999877929688,160.6199951171875,53.95000076293945
3,2020-01-03,93.74849700927734,68.03299713134766,208.6699981689453,158.6199951171875,53.7599983215332
4,2020-01-06,95.14399719238281,69.71050262451172,212.60000610351562,159.02999877929688,54.040000915527344
5,2020-01-07,95.34300231933594,69.66699981689453,213.05999755859375,157.5800018310547,54.15999984741211
6,2020-01-08,94.59850311279297,70.21600341796875,215.22000122070312,160.08999633789062,54.130001068115234
7,2020-01-09,95.05249786376953,70.99150085449219,218.3000030517578,162.08999633789062,54.380001068115234
8,2020-01-10,94.15799713134766,71.48650360107422,218.05999755859375,161.33999633789062,54.45000076293945
9,2020-01-13,94.56500244140625,71.96150207519531,221.91000366210938,163.27999877929688,54.58000183105469
10,2020-01-14,93.47200012207031,71.54399871826172,219.05999755859375,162.1300048828125,54.880001068115234
11,2020-01-15,93.10099792480469,71.95999908447266,221.14999389648438,163.17999267578125,54.7599983215332
12,2020-01-16,93.89700317382812,72.58499908447266,221.77000427246094,166.1699981689453,55.43000030517578
13,2020-01-17,93.23600006103516,74.01950073242188,222.13999938964844,167.10000610351562,55.130001068115234
14,2020-01-21,94.5999984741211,74.22000122070312,221.44000244140625,166.5,55.220001220703125
15,2020-01-22,94.37300109863281,74.29750061035156,221.32000732421875,165.6999969482422,54.720001220703125
16,2020-01-23,94.22899627685547,74.3324966430664,219.75999450683594,166.72000122070312,54.97999954223633
17,2020-01-24,93.08200073242188,73.33550262451172,217.94000244140625,165.0399932861328,54.06999969482422
18,2020-01-27,91.41699981689453,71.69499969482422,214.8699951171875,162.27999877929688,52.689998626708984
19,2020-01-28,92.6624984741211,72.62799835205078,217.7899932861328,165.4600067138672,53.459999084472656
20,2020-01-29,92.9000015258789,72.93150329589844,223.22999572753906,168.0399932861328,53.20000076293945
21,2020-01-30,93.53399658203125,72.79199981689453,209.52999877929688,172.77999877929688,53.310001373291016
22,2020-01-31,100.43599700927734,71.71150207519531,201.91000366210938,170.22999572753906,52.45000076293945
23,2020-02-03,100.20999908447266,74.2969970703125,204.19000244140625,174.3800048828125,53.09000015258789
24,2020-02-04,102.4834976196289,72.35350036621094,209.8300018310547,180.1199951171875,54.040000915527344
25,2020-02-05,101.99349975585938,72.4114990234375,210.11000061035156,179.89999389648438,54.7400016784668
26,2020-02-06,102.5114974975586,73.8115005493164,210.85000610351562,183.6300048828125,54.709999084472656
27,2020-02-07,103.96399688720703,73.96150207519531,212.3300018310547,183.88999938964844,54.720001220703125
28,2020-02-10,106.69550323486328,75.43399810791016,213.05999755859375,188.6999969482422,54.9900016784668
29,2020-02-11,107.54000091552734,75.43949890136719,207.19000244140625,184.44000244140625,55.150001525878906
30,2020-02-12,108.0,75.91349792480469,210.75999450683594,184.7100067138672,55.72999954223633
31,2020-02-13,107.49349975585938,75.73300170898438,213.13999938964844,183.7100067138672,55.310001373291016
32,2020-02-14,106.74349975585938,76.03700256347656,214.17999267578125,185.35000610351562,55.470001220703125
33,2020-02-18,107.78350067138672,75.9834976196289,217.8000030517578,187.22999572753906,55.45000076293945
34,2020-02-19,108.51100158691406,76.33450317382812,217.49000549316406,187.27999877929688,55.439998626708984
35,2020-02-20,107.65499877929688,75.90750122070312,214.5800018310547,184.4199981689453,55.5099983215332
36,2020-02-21,104.79850006103516,74.25550079345703,210.17999267578125,178.58999633789062,54.68000030517578
37,2020-02-24,100.4645004272461,71.07949829101562,200.72000122070312,170.88999938964844,52.650001525878906
38,2020-02-25,98.63700103759766,69.42250061035156,196.77000427246094,168.07000732421875,50.959999084472656
39,2020-02-26,98.97949981689453,69.65899658203125,197.1999969482422,170.1699981689453,52.04999923706055
40,2020-02-27,94.21499633789062,65.90450286865234,189.75,158.17999267578125,50.779998779296875
41,2020-02-28,94.1875,66.96649932861328,192.47000122070312,162.00999450683594,49.459999084472656
42,2020-03-02,97.69750213623047,69.45549774169922,196.44000244140625,172.7899932861328,50.900001525878906
43,2020-03-03,95.44950103759766,67.06950378417969,185.88999938964844,164.50999450683594,48.849998474121094
44,2020-03-04,98.79149627685547,69.32599639892578,191.75999450683594,170.5500030517578,50.540000915527344
45,2020-03-05,96.20149993896484,65.9520034790039,185.1699981689453,166.27000427246094,48.0
46,2020-03-06,95.05449676513672,64.92050170898438,181.08999633789062,161.57000732421875,47.369998931884766
47,2020-03-09,90.03050231933594,60.77799987792969,169.5,150.6199951171875,46.0099983215332
48,2020-03-10,94.59100341796875,64.01950073242188,178.19000244140625,160.9199981689453,48.58000183105469
49,2020-03-11,91.04299926757812,60.77050018310547,170.24000549316406,153.6300048828125,44.720001220703125
50,2020-03-12,83.83049774169922,55.74549865722656,154.47000122070312,139.05999755859375,39.79999923706055
51,2020-03-13,89.25,60.98649978637695,170.27999877929688,158.8300018310547,47.93000030517578
52,2020-03-16,84.4574966430664,54.21649932861328,146.00999450683594,135.4199981689453,42.720001220703125
53,2020-03-17,90.39199829101562,55.9900016784668,149.4199981689453,146.57000732421875,46.86000061035156
54,2020-03-18,91.5,54.84000015258789,146.9600067138672,140.39999389648438,47.27000045776367
55,2020-03-19,94.04650115966797,55.76449966430664,153.1300048828125,142.7100067138672,45.06999969482422
56,2020-03-20,92.30449676513672,53.61600112915039,149.72999572753906,137.35000610351562,45.650001525878906
57,2020-03-23,95.1415023803711,52.83100128173828,148.10000610351562,135.97999572753906,44.189998626708984
58,2020-03-24,97.00499725341797,56.722999572753906,160.97999572753906,148.33999633789062,47.84000015258789
59,2020-03-25,94.29199981689453,55.1245002746582,156.2100067138672,146.9199981689453,45.939998626708984
60,2020-03-26,97.77449798583984,58.087501525878906,163.33999633789062,156.11000061035156,50.47999954223633
61,2020-03-27,95.00499725341797,55.535499572753906,156.7899932861328,149.6999969482422,49.83000183105469
62,2020-03-30,98.19750213623047,57.340999603271484,165.9499969482422,160.22999572753906,50.36000061035156
63,2020-03-31,97.48600006103516,58.140499114990234,166.8000030517578,157.7100067138672,48.33000183105469
64,2020-04-01,95.38500213623047,55.28099822998047,159.60000610351562,152.11000061035156,48.709999084472656
65,2020-04-02,95.94149780273438,56.04199981689453,158.19000244140625,155.25999450683594,49.79999923706055
66,2020-04-03,95.32949829101562,54.89400100708008,154.17999267578125,153.8300018310547,49.400001525878906
67,2020-04-06,99.87950134277344,59.34600067138672,165.5500030517578,165.27000427246094,51.4900016784668
68,2020-04-07,100.58000183105469,59.32550048828125,168.8300018310547,163.49000549316406,50.7599983215332
69,2020-04-08,102.1500015258789,60.513999938964844,174.27999877929688,165.1300048828125,52.130001068115234
70,2020-04-09,102.13800048828125,60.5724983215332,175.19000244140625,165.13999938964844,53.18000030517578
71,2020-04-13,108.44349670410156,60.87799835205078,174.7899932861328,165.50999450683594,52.970001220703125
72,2020-04-14,114.16600036621094,63.46149826049805,178.1699981689453,173.6999969482422,54.0
73,2020-04-15,115.38400268554688,63.12350082397461,176.97000122070312,171.8800048828125,53.15999984741211
74,2020-04-16,120.40950012207031,63.173500061035156,176.25,177.0399932861328,53.70000076293945
75,2020-04-17,118.75,64.1624984741211,179.24000549316406,178.60000610351562,54.619998931884766
76,2020-04-20,119.68049621582031,63.330501556396484,178.24000549316406,175.05999755859375,53.90999984741211
77,2020-04-21,116.40599822998047,60.81700134277344,170.8000030517578,167.82000732421875,51.310001373291016
78,2020-04-22,118.17449951171875,63.160499572753906,182.27999877929688,173.52000427246094,52.27000045776367
79,2020-04-23,119.97250366210938,63.81549835205078,185.1300048828125,171.4199981689453,51.970001220703125
80,2020-04-24,120.51100158691406,63.96549987792969,190.07000732421875,174.5500030517578,53.0099983215332
81,2020-04-27,118.80000305175781,63.79399871826172,187.5,174.0500030517578,53.369998931884766
82,2020-04-28,115.7040023803711,61.68349838256836,182.91000366210938,169.80999755859375,53.20000076293945
83,2020-04-29,118.635498046875,67.0739974975586,194.19000244140625,177.42999267578125,53.880001068115234
84,2020-04-30,123.69999694824219,67.43299865722656,204.7100067138672,179.2100067138672,52.970001220703125
85,2020-05-01,114.302001953125,66.03050231933594,202.27000427246094,174.57000732421875,51.790000915527344
86,2020-05-04,115.79949951171875,66.33999633789062,205.25999450683594,178.83999633789062,51.75
87,2020-05-05,115.88999938964844,67.55549621582031,207.07000732421875,180.75999450683594,52.04999923706055
88,2020-05-06,117.56300354003906,67.36499786376953,208.47000122070312,182.5399932861328,51.86000061035156
89,2020-05-07,118.38050079345703,68.62799835205078,211.25999450683594,183.60000610351562,52.599998474121094
90,2020-05-08,118.98049926757812,69.41850280761719,212.35000610351562,184.67999267578125,53.56999969482422
91,2020-05-11,120.44999694824219,70.16300201416016,213.17999267578125,186.74000549316406,53.529998779296875
92,2020-05-12,117.84750366210938,68.78700256347656,210.10000610351562,182.50999450683594,52.27000045776367
93,2020-05-13,118.39600372314453,67.46649932861328,205.10000610351562,179.75,51.650001525878906
94,2020-05-14,119.44249725341797,67.80650329589844,206.80999755859375,180.52999877929688,52.90999984741211
95,2020-05-15,120.48899841308594,68.65950012207031,210.8800048828125,183.16000366210938,52.91999816894531
96,2020-05-18,121.31300354003906,69.1969985961914,213.19000244140625,184.91000366210938,53.150001525878906
97,2020-05-19,122.46649932861328,68.67424774169922,216.8800048828125,183.6300048828125,52.34000015258789
98,2020-05-20,124.89700317382812,70.33599853515625,229.97000122070312,185.66000366210938,52.900001525878906
99,2020-05-21,122.33699798583984,70.13999938964844,231.38999938964844,183.42999267578125,52.220001220703125
100,2020-05-22,121.84400177001953,70.52100372314453,234.91000366210938,183.50999450683594,52.619998931884766
101,2020-05-26,121.09300231933594,70.85099792480469,232.1999969482422,181.57000732421875,52.779998779296875
102,2020-05-27,120.51950073242188,70.89199829101562,229.13999938964844,181.80999755859375,53.20000076293945
103,2020-05-28,120.05500030517578,70.83650207519531,225.4600067138672,181.39999389648438,53.619998931884766
104,2020-05-29,122.11849975585938,71.44599914550781,225.08999633789062,183.25,53.77000045776367
105,2020-06-01,123.552001953125,71.59100341796875,231.91000366210938,182.8300018310547,53.060001373291016
106,2020-06-02,123.62049865722656,71.96099853515625,232.72000122070312,184.91000366210938,53.279998779296875
107,2020-06-03,123.91999816894531,71.81900024414062,230.16000366210938,185.36000061035156,53.4900016784668
108,2020-06-04,123.02999877929688,70.60900115966797,226.2899932861328,182.9199981689453,52.849998474121094
109,2020-06-05,124.1500015258789,71.91950225830078,230.77000427246094,187.1999969482422,53.97999954223633
110,2020-06-08,126.2030029296875,72.33049774169922,231.39999389648438,188.36000061035156,55.099998474121094
111,2020-06-09,130.04299926757812,72.80799865722656,238.6699981689453,189.8000030517578,54.18000030517578
112,2020-06-10,132.37249755859375,73.2925033569336,236.72999572753906,196.83999633789062,54.11000061035156
113,2020-06-11,127.89800262451172,70.19200134277344,224.42999267578125,186.27000427246094,51.310001373291016
114,2020-06-12,127.2509994506836,70.65899658203125,228.5800018310547,187.74000549316406,51.86000061035156
115,2020-06-15,128.63400268554688,70.99250030517578,232.5,188.94000244140625,53.25
116,2020-06-16,130.7635040283203,72.13600158691406,235.64999389648438,193.57000732421875,54.59000015258789
117,2020-06-17,132.0489959716797,72.55599975585938,235.52999877929688,194.24000549316406,51.52000045776367
118,2020-06-18,132.69900512695312,71.7979965209961,235.94000244140625,196.32000732421875,53.689998626708984
119,2020-06-19,133.75050354003906,71.58599853515625,238.7899932861328,195.14999389648438,54.400001525878906
120,2020-06-22,135.6909942626953,72.59300231933594,239.22000122070312,200.57000732421875,55.119998931884766
121,2020-06-23,138.2205047607422,73.22049713134766,242.24000549316406,201.91000366210938,55.189998626708984
122,2020-06-24,136.72000122070312,71.59850311279297,234.02000427246094,197.83999633789062,54.439998626708984
123,2020-06-25,137.72900390625,72.06649780273438,235.67999267578125,200.33999633789062,54.529998779296875
124,2020-06-26,134.64349365234375,67.99500274658203,216.0800018310547,196.3300018310547,54.18000030517578
125,2020-06-29,134.0189971923828,69.74849700927734,220.63999938964844,198.44000244140625,54.7599983215332
126,2020-06-30,137.9409942626953,70.68049621582031,227.07000732421875,203.50999450683594,55.27000045776367
127,2020-07-01,143.93499755859375,71.9020004272461,237.5500030517578,204.6999969482422,55.4900016784668
128,2020-07-02,144.51499938964844,73.23500061035156,233.4199981689453,206.25999450683594,55.939998626708984
129,2020-07-06,152.8520050048828,74.78500366210938,240.27999877929688,210.6999969482422,56.599998474121094
130,2020-07-07,150.00599670410156,74.25900268554688,240.86000061035156,208.25,56.310001373291016
131,2020-07-08,154.0554962158203,74.80000305175781,243.5800018310547,212.8300018310547,56.65999984741211
132,2020-07-09,159.13150024414062,75.54949951171875,244.5,214.32000732421875,57.529998779296875
133,2020-07-10,160.0,77.08699798583984,245.07000732421875,213.6699981689453,57.38999938964844
134,2020-07-13,155.1999969482422,75.56700134277344,239.0,207.07000732421875,57.0099983215332
135,2020-07-14,154.1999969482422,76.02899932861328,239.72999572753906,208.35000610351562,57.20000076293945
136,2020-07-15,150.44349670410156,75.68199920654297,240.27999877929688,208.0399932861328,56.619998931884766
137,2020-07-16,149.9949951171875,75.9000015258789,240.92999267578125,203.9199981689453,55.81999969482422
138,2020-07-17,148.09849548339844,75.77749633789062,242.02999877929688,202.8800048828125,54.900001525878906
139,2020-07-20,159.8419952392578,78.28600311279297,245.4199981689453,211.60000610351562,55.400001525878906
140,2020-07-21,156.9145050048828,77.9209976196289,241.75,208.75,55.90999984741211
141,2020-07-22,154.99549865722656,78.42449951171875,239.8699951171875,211.75,56.0099983215332
142,2020-07-23,149.32749938964844,75.78399658203125,232.60000610351562,202.5399932861328,55.7599983215332
143,2020-07-24,150.44549560546875,75.59349822998047,230.7100067138672,201.3000030517578,55.650001525878906
144,2020-07-27,152.760498046875,76.51000213623047,233.5,203.85000610351562,55.34000015258789
145,2020-07-28,150.01649475097656,75.01699829101562,230.1199951171875,202.02000427246094,55.349998474121094
146,2020-07-29,151.67649841308594,76.10099792480469,233.2899932861328,204.05999755859375,55.70000076293945
147,2020-07-30,152.593994140625,76.57250213623047,234.5,203.89999389648438,55.25
148,2020-07-31,158.23399353027344,74.14800262451172,253.6699981689453,205.00999450683594,55.45000076293945
149,2020-08-03,155.59449768066406,73.72250366210938,251.9600067138672,216.5399932861328,55.97999954223633
150,2020-08-04,156.94149780273438,73.24849700927734,249.8300018310547,213.2899932861328,56.0
151,2020-08-05,160.25149536132812,73.68049621582031,249.1199951171875,212.94000244140625,55.5
152,2020-08-06,161.25,75.00499725341797,265.2799987792969,216.35000610351562,55.279998779296875
153,2020-08-07,158.3730010986328,74.72450256347656,268.44000244140625,212.47999572753906,55.22999954223633
154,2020-08-10,157.4080047607422,74.80500030517578,263.0,208.25,54.939998626708984
155,2020-08-11,154.0334930419922,74.01599884033203,256.1300048828125,203.3800048828125,54.27000045776367
156,2020-08-12,158.11199951171875,75.33100128173828,259.8900146484375,209.19000244140625,54.16999816894531
157,2020-08-13,158.05099487304688,75.92250061035156,261.29998779296875,208.6999969482422,54.02000045776367
158,2020-08-14,157.4010009765625,75.3864974975586,261.239990234375,208.89999389648438,54.20000076293945
159,2020-08-17,159.12049865722656,75.89900207519531,261.1600036621094,210.27999877929688,53.9900016784668
160,2020-08-18,165.62449645996094,77.93000030517578,262.3399963378906,211.49000549316406,55.18000030517578
161,2020-08-19,163.0240020751953,77.37650299072266,262.5899963378906,209.6999969482422,56.20000076293945
162,2020-08-20,164.86849975585938,79.0875015258789,269.010009765625,214.5800018310547,55.2599983215332
163,2020-08-21,164.23599243164062,79.02100372314453,267.010009765625,213.02000427246094,55.189998626708984
164,2020-08-24,165.3730010986328,79.41000366210938,271.3900146484375,213.69000244140625,56.0099983215332
165,2020-08-25,167.32449340820312,80.41100311279297,280.82000732421875,216.47000122070312,56.09000015258789
166,2020-08-26,172.09249877929688,82.61900329589844,303.9100036621094,221.14999389648438,57.4900016784668
167,2020-08-27,170.0,81.71649932861328,293.2200012207031,226.5800018310547,57.18000030517578
168,2020-08-28,170.08999633789062,82.22049713134766,293.6600036621094,228.91000366210938,57.880001068115234
169,2020-08-31,172.54800415039062,81.70899963378906,293.20001220703125,225.52999877929688,57.220001220703125
170,2020-09-01,174.95599365234375,83.0354995727539,295.44000244140625,227.27000427246094,57.65999984741211
171,2020-09-02,176.57249450683594,86.41400146484375,302.5,231.64999389648438,59.029998779296875
172,2020-09-03,168.39999389648438,82.09200286865234,291.1199951171875,217.3000030517578,57.099998474121094
173,2020-09-04,164.7310028076172,79.552001953125,282.7300109863281,214.25,55.72999954223633
174,2020-09-08,157.49200439453125,76.61949920654297,271.1600036621094,202.66000366210938,55.31999969482422
175,2020-09-09,163.4304962158203,77.8479995727539,273.7200012207031,211.2899932861328,56.95000076293945
176,2020-09-10,158.7554931640625,76.60099792480469,268.0899963378906,205.3699951171875,57.33000183105469
177,2020-09-11,155.81100463867188,76.03600311279297,266.6099853515625,204.02999877929688,57.0
178,2020-09-14,155.14849853515625,75.96399688720703,266.1499938964844,205.41000366210938,59.459999084472656
179,2020-09-15,157.80650329589844,77.0719985961914,272.4200134277344,208.77999877929688,60.939998626708984
180,2020-09-16,153.90499877929688,76.04499816894531,263.5199890136719,205.0500030517578,60.43000030517578
181,2020-09-17,150.43649291992188,74.77649688720703,254.82000732421875,202.91000366210938,60.18000030517578
182,2020-09-18,147.74549865722656,72.99949645996094,252.52999877929688,200.38999938964844,59.75
183,2020-09-21,148.02349853515625,71.55799865722656,248.14999389648438,202.5399932861328,60.81999969482422
184,2020-09-22,156.44949340820312,73.27300262451172,254.75,207.4199981689453,60.619998931884766
185,2020-09-23,149.9929962158203,70.760498046875,249.02000427246094,200.58999633789062,58.959999084472656
186,2020-09-24,150.989501953125,71.41449737548828,249.52999877929688,203.19000244140625,59.29999923706055
187,2020-09-25,154.75650024414062,72.24800109863281,254.82000732421875,207.82000732421875,59.79999923706055
188,2020-09-28,158.70249938964844,73.22599792480469,256.82000732421875,209.44000244140625,59.58000183105469
189,2020-09-29,157.24400329589844,73.46649932861328,261.7900085449219,207.25999450683594,59.470001220703125
190,2020-09-30,157.43649291992188,73.4800033569336,261.8999938964844,210.3300018310547,59.70000076293945
191,2020-10-01,161.06300354003906,74.50450134277344,266.6300048828125,212.4600067138672,59.68000030517578
192,2020-10-02,156.25,72.9209976196289,259.94000244140625,206.19000244140625,58.83000183105469
193,2020-10-05,159.9600067138672,74.3010025024414,264.6499938964844,210.3800048828125,59.560001373291016
194,2020-10-06,154.9980010986328,72.6719970703125,258.6600036621094,205.91000366210938,59.5099983215332
195,2020-10-07,159.7845001220703,73.0145034790039,258.1199951171875,209.8300018310547,60.59000015258789
196,2020-10-08,159.52749633789062,74.29650115966797,263.760009765625,210.5800018310547,60.88999938964844
197,2020-10-09,164.33250427246094,75.76100158691406,264.45001220703125,215.80999755859375,61.150001525878906
198,2020-10-12,172.14649963378906,78.4574966430664,275.75,221.39999389648438,61.459999084472656
199,2020-10-13,172.18150329589844,78.58399963378906,276.1400146484375,222.86000061035156,60.970001220703125
200,2020-10-14,168.1855010986328,78.40399932861328,271.82000732421875,220.86000061035156,60.959999084472656
201,2020-10-15,166.9324951171875,77.95649719238281,266.7200012207031,219.66000366210938,60.52000045776367
202,2020-10-16,163.635498046875,78.65049743652344,265.92999267578125,219.66000366210938,60.290000915527344
203,2020-10-19,160.36050415039062,76.73049926757812,261.3999938964844,214.22000122070312,59.619998931884766
204,2020-10-20,160.85049438476562,77.79650115966797,267.55999755859375,214.64999389648438,59.75
205,2020-10-21,159.2469940185547,79.66549682617188,278.7300109863281,214.8000030517578,59.66999816894531
206,2020-10-22,158.82000732421875,80.7665023803711,278.1199951171875,214.88999938964844,59.689998626708984
207,2020-10-23,160.22000122070312,82.05000305175781,284.7900085449219,216.22999572753906,59.900001525878906
208,2020-10-26,160.3520050048828,79.52249908447266,277.1099853515625,210.0800018310547,57.4900016784668
209,2020-10-27,164.31649780273438,80.21299743652344,283.2900085449219,213.25,57.08000183105469
210,2020-10-28,158.13900756835938,75.83100128173828,267.6700134277344,202.67999267578125,55.59000015258789
211,2020-10-29,160.55050659179688,78.36199951171875,280.8299865722656,204.72000122070312,56.02000045776367
212,2020-10-30,151.8074951171875,81.05049896240234,263.1099853515625,202.47000122070312,56.11000061035156
213,2020-11-02,150.2239990234375,81.30149841308594,261.3599853515625,202.3300018310547,56.45000076293945
214,2020-11-03,152.42050170898438,82.510498046875,265.29998779296875,206.42999267578125,56.79999923706055
215,2020-11-04,162.05799865722656,87.45649719238281,287.3800048828125,216.38999938964844,56.4900016784668
216,2020-11-05,166.10000610351562,88.16850280761719,294.67999267578125,223.2899932861328,56.65999984741211
217,2020-11-06,165.56849670410156,88.0875015258789,293.4100036621094,223.72000122070312,56.79999923706055
218,2020-11-09,157.18699645996094,88.1500015258789,278.7699890136719,218.38999938964844,56.84000015258789
219,2020-11-10,151.75100708007812,87.01950073242188,272.42999267578125,211.00999450683594,56.66999816894531
220,2020-11-11,156.8695068359375,87.635498046875,276.4800109863281,216.5500030517578,57.20000076293945
221,2020-11-12,155.51400756835938,87.49199676513672,275.0799865722656,215.44000244140625,56.45000076293945
222,2020-11-13,156.4405059814453,88.85099792480469,276.95001220703125,216.50999450683594,56.90999984741211
223,2020-11-16,156.55299377441406,89.06900024414062,278.9599914550781,217.22999572753906,57.150001525878906
224,2020-11-17,156.7830047607422,88.50749969482422,275.0,214.4600067138672,57.119998931884766
225,2020-11-18,155.2729949951172,87.33899688720703,271.9700012207031,211.0800018310547,56.25
226,2020-11-19,155.8509979248047,88.19599914550781,272.94000244140625,212.4199981689453,56.45000076293945
227,2020-11-20,154.97000122070312,87.1094970703125,269.70001220703125,210.38999938964844,55.70000076293945
228,2020-11-23,154.91949462890625,86.74299621582031,268.42999267578125,210.11000061035156,56.08000183105469
229,2020-11-24,155.9029998779297,88.44400024414062,276.9200134277344,213.86000061035156,57.56999969482422
230,2020-11-25,159.2534942626953,88.57150268554688,275.5899963378906,213.8699951171875,57.40999984741211
231,2020-11-27,159.76699829101562,89.65950012207031,277.80999755859375,215.22999572753906,57.7599983215332
232,2020-11-30,158.40199279785156,88.03700256347656,276.9700012207031,214.07000732421875,57.720001220703125
233,2020-12-01,161.00399780273438,89.90499877929688,286.54998779296875,216.2100067138672,58.7400016784668
234,2020-12-02,160.17649841308594,91.39749908447266,287.5199890136719,215.3699951171875,59.08000183105469
235,2020-12-03,159.3365020751953,91.3385009765625,281.8500061035156,214.24000549316406,59.27000045776367
236,2020-12-04,158.12899780273438,91.39949798583984,279.70001220703125,214.36000061035156,59.959999084472656
237,2020-12-07,157.89999389648438,90.9739990234375,285.5799865722656,214.2899932861328,59.79999923706055
238,2020-12-08,158.864501953125,90.92749786376953,283.3999938964844,216.00999450683594,59.029998779296875
239,2020-12-09,155.2100067138672,89.20649719238281,277.9200134277344,211.8000030517578,59.72999954223633
240,2020-12-10,155.07449340820312,88.7665023803711,277.1199951171875,210.52000427246094,59.47999954223633
241,2020-12-11,155.8209991455078,89.0885009765625,273.54998779296875,213.25999450683594,60.61000061035156
242,2020-12-14,157.84849548339844,88.00299835205078,274.19000244140625,214.1999969482422,60.7599983215332
243,2020-12-15,158.25599670410156,88.38849639892578,275.54998779296875,214.1300048828125,61.86000061035156
244,2020-12-16,162.04800415039062,88.1500015258789,275.6700134277344,219.27999877929688,62.779998779296875
245,2020-12-17,161.8040008544922,87.3949966430664,274.4800109863281,219.4199981689453,63.61000061035156
246,2020-12-18,160.08250427246094,86.55049896240234,276.3999938964844,218.58999633789062,65.05999755859375
247,2020-12-21,160.3090057373047,86.96849822998047,272.7900085449219,222.58999633789062,64.4800033569336
248,2020-12-22,160.3260040283203,86.17500305175781,267.0899963378906,223.94000244140625,65.1500015258789
249,2020-12-23,159.2635040283203,86.61900329589844,268.1099853515625,221.02000427246094,65.30000305175781
250,2020-12-24,158.63450622558594,86.94249725341797,267.3999938964844,222.75,64.95999908447266
251,2020-12-28,164.197998046875,88.80449676513672,277.0,224.9600067138672,64.87000274658203
252,2020-12-29,166.10000610351562,87.93599700927734,276.7799987792969,224.14999389648438,64.45999908447266
253,2020-12-30,164.29249572753906,86.97599792480469,271.8699951171875,221.67999267578125,64.4000015258789
254,2020-12-31,162.84649658203125,87.59400177001953,273.1600036621094,222.4199981689453,64.69000244140625
255,2021-01-04,159.3314971923828,86.41200256347656,268.94000244140625,217.69000244140625,63.75
256,2021-01-05,160.92550659179688,87.0459976196289,270.9700012207031,217.89999389648438,62.959999084472656
257,2021-01-06,156.91900634765625,86.7645034790039,263.30999755859375,212.25,62.56999969482422
258,2021-01-07,158.10800170898438,89.36250305175781,268.739990234375,218.2899932861328,63.06999969482422
259,2021-01-08,159.13499450683594,90.3604965209961,267.57000732421875,219.6199951171875,63.380001068115234
260,2021-01-11,155.7104949951172,88.33599853515625,256.8399963378906,217.49000549316406,63.029998779296875
261,2021-01-12,156.04150390625,87.32749938964844,251.08999633789062,214.92999267578125,62.41999816894531
262,2021-01-13,158.29449462890625,87.72000122070312,251.63999938964844,216.33999633789062,62.060001373291016
263,2021-01-14,156.37350463867188,87.00900268554688,245.63999938964844,213.02000427246094,61.599998474121094
264,2021-01-15,155.21249389648438,86.80950164794922,251.36000061035156,212.64999389648438,61.779998779296875
265,2021-01-19,156.03799438476562,89.54299926757812,261.1000061035156,216.44000244140625,61.290000915527344
266,2021-01-20,163.16900634765625,94.34500122070312,267.4800109863281,224.33999633789062,61.560001373291016
267,2021-01-21,165.34950256347656,94.5625,272.8699951171875,224.97000122070312,61.209999084472656
268,2021-01-22,164.6114959716797,95.05249786376953,274.5,225.9499969482422,60.36000061035156
269,2021-01-25,164.6999969482422,94.97000122070312,278.010009765625,229.52999877929688,60.900001525878906
270,2021-01-26,166.30650329589844,95.86199951171875,282.04998779296875,232.3300018310547,61.79999923706055
271,2021-01-27,161.62899780273438,91.53949737548828,272.1400146484375,232.89999389648438,62.54999923706055
272,2021-01-28,161.88099670410156,93.15550231933594,265.0,238.92999267578125,61.220001220703125
273,2021-01-29,160.30999755859375,91.78700256347656,258.3299865722656,231.9600067138672,60.43000030517578
274,2021-02-01,167.1439971923828,95.06749725341797,262.010009765625,239.64999389648438,61.5099983215332
275,2021-02-02,169.0,96.37550354003906,267.0799865722656,239.50999450683594,62.369998931884766
276,2021-02-03,165.62649536132812,103.50350189208984,266.6499938964844,243.0,62.16999816894531
277,2021-02-04,166.5500030517578,103.11849975585938,266.489990234375,242.00999450683594,63.349998474121094
278,2021-02-05,167.6074981689453,104.9000015258789,268.1000061035156,242.1999969482422,63.599998474121094
279,2021-02-08,166.14700317382812,104.64550018310547,266.5799865722656,242.47000122070312,63.11000061035156
280,2021-02-09,165.25,104.17549896240234,269.45001220703125,243.77000427246094,63.66999816894531
281,2021-02-10,164.32899475097656,104.76899719238281,271.8699951171875,242.82000732421875,63.27000045776367
282,2021-02-11,163.10650634765625,104.79450225830078,270.3900146484375,244.49000549316406,62.70000076293945
283,2021-02-12,163.885498046875,105.20549774169922,270.5,244.99000549316406,63.08000183105469
284,2021-02-16,163.44749450683594,106.09500122070312,273.9700012207031,243.6999969482422,62.13999938964844
285,2021-02-17,165.4320068359375,106.41549682617188,273.57000732421875,244.1999969482422,62.09000015258789
286,2021-02-18,166.4114990234375,105.86000061035156,269.3900146484375,243.7899932861328,62.06999969482422
287,2021-02-19,162.4949951171875,105.05699920654297,261.55999755859375,240.97000122070312,61.130001068115234
288,2021-02-22,159.03700256347656,103.24400329589844,260.3299865722656,234.50999450683594,64.44999694824219
289,2021-02-23,159.72500610351562,103.54299926757812,265.8599853515625,233.27000427246094,64.5
290,2021-02-24,157.97650146484375,104.75849914550781,264.30999755859375,234.5500030517578,64.69999694824219
291,2021-02-25,152.85800170898438,101.56800079345703,254.69000244140625,228.99000549316406,65.30000305175781
292,2021-02-26,154.64649963378906,101.84300231933594,257.6199951171875,232.3800048828125,64.51000213623047
293,2021-03-01,157.3070068359375,104.07550048828125,264.9100036621094,236.94000244140625,66.16999816894531
294,2021-03-02,154.72650146484375,103.79199981689453,259.0,233.8699951171875,66.66000366210938
295,2021-03-03,150.25,101.33550262451172,255.41000366210938,227.55999755859375,66.91000366210938
296,2021-03-04,148.8784942626953,102.45449829101562,257.6400146484375,226.72999572753906,65.61000061035156
297,2021-03-05,150.0229949951172,105.427001953125,264.2799987792969,231.60000610351562,69.97000122070312
298,2021-03-08,147.59750366210938,101.20850372314453,255.30999755859375,227.38999938964844,72.16000366210938
299,2021-03-09,153.1425018310547,102.63500213623047,265.739990234375,233.77999877929688,72.63999938964844
300,2021-03-10,152.8820037841797,102.75150299072266,264.8999938964844,232.4199981689453,72.12000274658203
301,2021-03-11,155.67950439453125,105.7385025024414,273.8800048828125,237.1300048828125,67.41000366210938
302,2021-03-12,154.47450256347656,103.09600067138672,268.3999938964844,235.75,67.16000366210938
303,2021-03-15,154.08399963378906,103.32450103759766,273.75,234.80999755859375,67.7300033569336
304,2021-03-16,154.59300231933594,104.6259994506836,279.2799987792969,237.7100067138672,66.8499984741211
305,2021-03-17,156.7864990234375,104.55400085449219,284.010009765625,237.0399932861328,66.22000122070312
306,2021-03-18,151.39950561523438,101.81099700927734,278.6199951171875,230.72000122070312,66.73999786376953
307,2021-03-19,153.7480010986328,102.16000366210938,290.1099853515625,230.35000610351562,66.26000213623047
308,2021-03-22,155.5435028076172,101.92949676513672,293.5400085449219,235.99000549316406,66.31999969482422
309,2021-03-23,156.875,102.64800262451172,290.6300048828125,237.5800018310547,67.2699966430664
310,2021-03-24,154.35350036621094,102.25299835205078,282.1400146484375,235.4600067138672,66.83000183105469
311,2021-03-25,152.31300354003906,102.21800231933594,278.739990234375,232.33999633789062,68.62999725341797
312,2021-03-26,152.60150146484375,101.77749633789062,283.0199890136719,236.47999572753906,70.25
313,2021-03-29,153.7864990234375,102.79750061035156,290.82000732421875,235.24000549316406,71.12999725341797
314,2021-03-30,152.76449584960938,102.7770004272461,288.0,231.85000610351562,70.55000305175781
315,2021-03-31,154.70399475097656,103.43150329589844,294.5299987792969,235.77000427246094,70.16999816894531
316,2021-04-01,158.0500030517578,106.88749694824219,298.6600036621094,242.35000610351562,71.80999755859375
317,2021-04-05,161.3365020751953,111.27749633789062,308.9100036621094,249.07000732421875,74.16000366210938
318,2021-04-06,161.1909942626953,111.23750305175781,306.260009765625,247.86000061035156,74.27999877929688
319,2021-04-07,163.96949768066406,112.48400115966797,313.0899963378906,249.89999389648438,74.06999969482422
320,2021-04-08,164.96499633789062,113.27200317382812,313.0199890136719,253.25,75.27999877929688
321,2021-04-09,168.61000061035156,114.29399871826172,312.4599914550781,255.85000610351562,75.58000183105469
322,2021-04-12,168.96949768066406,112.739501953125,311.5400085449219,255.91000366210938,76.12000274658203
323,2021-04-13,170.0,113.3635025024414,309.760009765625,258.489990234375,76.66999816894531
324,2021-04-14,166.64999389648438,112.74199676513672,302.82000732421875,255.58999633789062,76.81999969482422
325,2021-04-15,168.95449829101562,114.83300018310547,307.82000732421875,259.5,78.29000091552734
326,2021-04-16,169.9720001220703,114.88800048828125,306.17999267578125,260.739990234375,78.94999694824219
327,2021-04-19,168.60049438476562,115.12000274658203,302.239990234375,258.739990234375,78.75
328,2021-04-20,166.7344970703125,114.68150329589844,302.6499938964844,258.260009765625,79.23999786376953
329,2021-04-21,168.1009979248047,114.66449737548828,301.4700012207031,260.5799865722656,76.66000366210938
330,2021-04-22,165.45199584960938,113.39600372314453,296.5199890136719,257.1700134277344,74.87000274658203
331,2021-04-23,167.04400634765625,115.76499938964844,301.1300048828125,261.1499938964844,74.97000122070312
332,2021-04-26,170.4499969482422,116.33699798583984,303.0400085449219,261.54998779296875,74.5
333,2021-04-27,170.8715057373047,115.35600280761719,303.57000732421875,261.9700012207031,75.22000122070312
334,2021-04-28,172.9250030517578,118.99549865722656,307.1000061035156,254.55999755859375,74.7699966430664
335,2021-04-29,173.5655059814453,121.49449920654297,329.510009765625,252.50999450683594,75.87000274658203
336,2021-04-30,173.37100219726562,120.50599670410156,325.0799865722656,252.17999267578125,75.79000091552734
337,2021-05-03,169.32449340820312,119.75849914550781,322.5799865722656,251.86000061035156,77.33000183105469
338,2021-05-04,165.593505859375,117.7125015258789,318.3599853515625,247.7899932861328,78.52999877929688
339,2021-05-05,163.52699279785156,117.83699798583984,315.0199890136719,246.47000122070312,79.19000244140625
340,2021-05-06,165.31849670410156,119.06749725341797,320.0199890136719,249.72999572753906,79.73999786376953
341,2021-05-07,164.58050537109375,119.93450164794922,319.0799865722656,252.4600067138672,80.4000015258789
342,2021-05-10,159.52450561523438,117.08300018310547,305.9700012207031,247.17999267578125,80.1500015258789
343,2021-05-11,161.19549560546875,115.43800354003906,306.5299987792969,246.22999572753906,77.69000244140625
344,2021-05-12,157.5970001220703,111.9540023803711,302.54998779296875,239.0,76.75
345,2021-05-13,158.07350158691406,113.09850311279297,305.260009765625,243.02999877929688,78.13999938964844
346,2021-05-14,161.14500427246094,115.80799865722656,315.94000244140625,248.14999389648438,78.88999938964844
347,2021-05-17,163.51950073242188,116.07050323486328,315.4599914550781,245.17999267578125,79.08000183105469
348,2021-05-18,161.61399841308594,115.17150115966797,309.9599914550781,243.0800018310547,78.69000244140625
349,2021-05-19,161.58999633789062,115.43550109863281,313.5899963378906,243.1199951171875,78.73999786376953
350,2021-05-20,162.38400268554688,117.80449676513672,318.6099853515625,246.47999572753906,78.72000122070312
351,2021-05-21,160.1540069580078,117.25499725341797,316.2300109863281,245.1699981689453,79.02999877929688
352,2021-05-24,162.24949645996094,120.33350372314453,324.6300048828125,250.77999877929688,79.37999725341797
353,2021-05-25,162.95249938964844,120.45349884033203,327.7900085449219,251.72000122070312,78.83000183105469
354,2021-05-26,163.25799560546875,121.67649841308594,327.6600036621094,251.49000549316406,79.26000213623047
355,2021-05-27,161.5054931640625,120.12550354003906,332.75,249.30999755859375,78.9800033569336
356,2021-05-28,161.15350341796875,120.5780029296875,328.7300109863281,249.67999267578125,78.73999786376953
357,2021-06-01,160.9324951171875,121.4905014038086,329.1300048828125,247.39999389648438,79.56999969482422
358,2021-06-02,161.69949340820312,121.06400299072266,329.1499938964844,247.3000030517578,80.2699966430664
359,2021-06-03,159.35049438476562,120.23049926757812,326.0400085449219,245.7100067138672,81.08999633789062
360,2021-06-04,160.31100463867188,122.58799743652344,330.3500061035156,250.7899932861328,82.88999938964844
361,2021-06-07,159.90049743652344,123.30449676513672,336.5799865722656,253.80999755859375,83.94000244140625
362,2021-06-08,163.20550537109375,124.14250183105469,333.67999267578125,252.57000732421875,84.61000061035156
363,2021-06-09,164.0574951171875,124.56999969482422,330.25,253.58999633789062,84.5199966430664
364,2021-06-10,167.4824981689453,126.08000183105469,332.4599914550781,257.239990234375,82.30000305175781
365,2021-06-11,167.3415069580078,125.69650268554688,331.260009765625,257.8900146484375,82.9000015258789
366,2021-06-14,169.19349670410156,126.35199737548828,336.7699890136719,259.8900146484375,82.62000274658203
367,2021-06-15,169.156494140625,126.03299713134766,336.75,258.3599853515625,81.63999938964844
368,2021-06-16,170.7624969482422,125.69650268554688,331.0799865722656,257.3800048828125,77.08000183105469
369,2021-06-17,174.46200561523438,126.37100219726562,336.510009765625,260.8999938964844,77.55999755859375
370,2021-06-18,174.34500122070312,125.56749725341797,329.6600036621094,259.42999267578125,76.2300033569336
371,2021-06-21,172.697998046875,126.45500183105469,332.2900085449219,262.6300048828125,77.98999786376953
372,2021-06-22,175.27200317382812,126.99949645996094,339.0299987792969,265.510009765625,78.68000030517578
373,2021-06-23,175.1909942626953,126.46150207519531,340.5899963378906,265.2699890136719,78.0999984741211
374,2021-06-24,172.45399475097656,127.28199768066406,343.17999267578125,266.69000244140625,77.73999786376953
375,2021-06-25,170.072998046875,126.99500274658203,341.3699951171875,265.0199890136719,78.45999908447266
376,2021-06-28,172.1945037841797,126.81950378417969,355.6400146484375,268.7200012207031,78.5
377,2021-06-29,172.40699768066406,126.01850128173828,351.8900146484375,271.3999938964844,78.0999984741211
378,2021-06-30,172.00799560546875,125.31600189208984,347.7099914550781,270.8999938964844,77.83999633789062
379,2021-07-01,171.64849853515625,126.36849975585938,354.3900146484375,271.6000061035156,79.54000091552734
380,2021-07-02,175.5489959716797,128.718994140625,354.70001220703125,277.6499938964844,81.81999969482422
381,2021-07-06,183.78700256347656,129.77099609375,352.7799987792969,277.6600036621094,83.08000183105469
382,2021-07-07,184.82899475097656,130.07749938964844,350.489990234375,279.92999267578125,86.08999633789062
383,2021-07-08,186.57049560546875,129.177001953125,345.6499938964844,277.4200134277344,85.58999633789062
384,2021-07-09,185.9669952392578,129.57449340820312,350.4200134277344,277.94000244140625,87.76000213623047
385,2021-07-12,185.92750549316406,130.56399536132812,353.1600036621094,277.32000732421875,87.08000183105469
386,2021-07-13,183.8679962158203,130.9945068359375,352.0899963378906,280.9800109863281,87.06999969482422
387,2021-07-14,184.08399963378906,132.08250427246094,347.6300048828125,282.510009765625,88.27999877929688
388,2021-07-15,181.55999755859375,131.26649475097656,344.4599914550781,281.0299987792969,86.23999786376953
389,2021-07-16,178.68150329589844,131.8455047607422,341.1600036621094,280.75,87.48999786376953
390,2021-07-19,177.47950744628906,129.25399780273438,336.95001220703125,277.010009765625,86.9800033569336
391,2021-07-20,178.6595001220703,131.10150146484375,341.6600036621094,279.32000732421875,88.66000366210938
392,2021-07-21,179.25999450683594,132.60049438476562,346.2300109863281,281.3999938964844,89.69000244140625
393,2021-07-22,181.90150451660156,133.32850646972656,351.19000244140625,286.1400146484375,90.69000244140625
394,2021-07-23,182.83200073242188,137.8159942626953,369.7900085449219,289.6700134277344,87.69000244140625
395,2021-07-26,184.99099731445312,139.64450073242188,372.4599914550781,289.04998779296875,87.86000061035156
396,2021-07-27,181.3195037841797,136.79649353027344,367.80999755859375,286.5400085449219,87.80000305175781
397,2021-07-28,181.51600646972656,136.38150024414062,373.2799987792969,286.2200012207031,87.18000030517578
398,2021-07-29,179.99600219726562,136.54049682617188,358.32000732421875,286.5,87.62999725341797
399,2021-07-30,166.37950134277344,135.2209930419922,356.29998779296875,284.9100036621094,87.13999938964844
400,2021-08-02,166.57400512695312,135.989501953125,351.95001220703125,284.82000732421875,87.5999984741211
401,2021-08-03,168.31199645996094,136.27999877929688,351.239990234375,287.1199951171875,89.73999786376953
402,2021-08-04,167.73599243164062,136.02850341796875,358.9200134277344,286.510009765625,90.05000305175781
403,2021-08-05,168.79949951171875,136.94000244140625,362.9700012207031,289.5199890136719,89.43000030517578
404,2021-08-06,167.2469940185547,137.03599548339844,363.510009765625,289.4599914550781,89.5199966430664
405,2021-08-09,167.093505859375,138.0019989013672,361.6099853515625,288.3299865722656,89.9000015258789
406,2021-08-10,166.03399658203125,138.09649658203125,361.1300048828125,286.44000244140625,89.63999938964844
407,2021-08-11,164.60549926757812,137.6894989013672,359.9599914550781,286.95001220703125,89.62999725341797
408,2021-08-12,165.1750030517578,138.38949584960938,362.6499938964844,289.80999755859375,89.80999755859375
409,2021-08-13,164.69850158691406,138.406005859375,363.17999267578125,292.8500061035156,90.37999725341797
410,2021-08-16,164.94949340820312,138.91600036621094,366.55999755859375,294.6000061035156,90.81999969482422
411,2021-08-17,162.09800720214844,137.30050659179688,358.45001220703125,293.0799865722656,90.94999694824219
412,2021-08-18,160.06100463867188,136.57000732421875,355.45001220703125,290.7300109863281,88.94000244140625
413,2021-08-19,159.3874969482422,136.9134979248047,355.1199951171875,296.7699890136719,88.70999908447266
414,2021-08-20,159.99749755859375,138.43699645996094,359.3699951171875,304.3599853515625,88.94000244140625
415,2021-08-23,163.2935028076172,141.09950256347656,363.3500061035156,304.6499938964844,89.12000274658203
416,2021-08-24,165.28900146484375,142.39849853515625,365.510009765625,302.6199951171875,88.55000305175781
417,2021-08-25,164.95899963378906,142.9499969482422,368.3900146484375,302.010009765625,88.62000274658203
418,2021-08-26,165.8000030517578,142.1230010986328,364.3800048828125,299.0899963378906,88.72000122070312
419,2021-08-27,167.48150634765625,144.55050659179688,372.6300048828125,299.7200012207031,89.3499984741211
420,2021-08-30,171.07850646972656,145.46949768066406,380.6600036621094,303.5899963378906,89.44999694824219
421,2021-08-31,173.5395050048828,145.46200561523438,379.3800048828125,301.8800048828125,89.12999725341797
422,2021-09-01,173.9499969482422,145.8419952392578,382.04998779296875,301.8299865722656,89.94999694824219
423,2021-09-02,173.156005859375,144.218994140625,375.2799987792969,301.1499938964844,89.80000305175781
424,2021-09-03,173.90249633789062,144.77499389648438,376.260009765625,301.1400146484375,90.0
425,2021-09-07,175.46449279785156,145.5189971923828,382.17999267578125,300.17999267578125,88.72000122070312
426,2021-09-08,176.27499389648438,144.8834991455078,377.57000732421875,300.2099914550781,89.47000122070312
427,2021-09-09,174.20799255371094,144.9134979248047,378.0,297.25,89.54000091552734
428,2021-09-10,173.45750427246094,141.92100524902344,378.69000244140625,295.7099914550781,89.68000030517578
429,2021-09-13,172.85850524902344,143.46499633789062,376.510009765625,296.989990234375,88.88999938964844
430,2021-09-14,172.5,143.406005859375,376.5299987792969,299.7900085449219,86.38999938964844
431,2021-09-15,173.7895050048828,145.20599365234375,373.9200134277344,304.82000732421875,87.7300033569336
432,2021-09-16,174.41200256347656,144.37350463867188,373.05999755859375,305.2200012207031,87.25
433,2021-09-17,173.12600708007812,141.4635009765625,364.7200012207031,299.8699951171875,86.38999938964844
434,2021-09-20,167.7864990234375,139.01699829101562,355.70001220703125,294.29998779296875,86.16999816894531
435,2021-09-21,167.18150329589844,139.64649963378906,357.4800109863281,294.79998779296875,86.91999816894531
436,2021-09-22,169.00250244140625,140.93850708007812,343.2099914550781,298.5799865722656,88.44000244140625
437,2021-09-23,170.8000030517578,141.82650756835938,345.9599914550781,299.55999755859375,89.41999816894531
438,2021-09-24,171.2760009765625,142.63299560546875,352.9599914550781,299.3500061035156,89.94000244140625
439,2021-09-27,170.2899932861328,141.50100708007812,353.5799865722656,294.1700134277344,91.04000091552734
440,2021-09-28,165.79800415039062,136.1840057373047,340.6499938964844,283.5199890136719,90.48999786376953
441,2021-09-29,165.05599975585938,134.52099609375,339.6099853515625,284.0,91.25
442,2021-09-30,164.2519989013672,133.2655029296875,339.3900146484375,281.9200134277344,87.12999725341797
443,2021-10-01,164.16299438476562,136.46249389648438,343.010009765625,289.1000061035156,89.73999786376953
444,2021-10-04,159.48899841308594,133.76499938964844,326.2300109863281,283.1099853515625,89.26000213623047
445,2021-10-05,161.0500030517578,136.177001953125,332.9599914550781,288.760009765625,91.48999786376953
446,2021-10-06,163.10049438476562,137.35400390625,333.6400146484375,293.1099853515625,91.33999633789062
447,2021-10-07,165.1215057373047,139.1855010986328,329.2200012207031,294.8500061035156,92.30999755859375
448,2021-10-08,164.43099975585938,140.05599975585938,330.04998779296875,294.8500061035156,94.38999938964844
449,2021-10-11,162.31500244140625,138.84750366210938,325.45001220703125,294.2300109863281,95.29000091552734
450,2021-10-12,162.3665008544922,136.71299743652344,323.7699890136719,292.8800048828125,95.56999969482422
451,2021-10-13,164.21400451660156,137.89999389648438,324.5400085449219,296.30999755859375,96.4000015258789
452,2021-10-14,164.9929962158203,141.41200256347656,328.5299987792969,302.75,95.27999877929688
453,2021-10-15,170.4510040283203,141.6750030517578,324.760009765625,304.2099914550781,95.33000183105469
454,2021-10-18,172.33700561523438,142.9604949951172,335.3399963378906,307.2900085449219,96.51000213623047
455,2021-10-19,172.20750427246094,143.82200622558594,339.989990234375,308.2300109863281,97.05999755859375
456,2021-10-20,170.7530059814453,142.4149932861328,340.7799987792969,307.4100036621094,96.63999938964844
457,2021-10-21,171.75050354003906,142.78050231933594,341.8800048828125,310.760009765625,96.30000305175781
458,2021-10-22,166.77749633789062,138.625,324.6099853515625,309.1600036621094,98.25
459,2021-10-25,166.01849365234375,138.7729949951172,328.69000244140625,308.1300048828125,97.88999938964844
460,2021-10-26,168.80349731445312,139.6719970703125,315.80999755859375,310.1099853515625,96.9800033569336
461,2021-10-27,169.62449645996094,146.42750549316406,312.2200012207031,323.1700134277344,96.02999877929688
462,2021-10-28,172.32850646972656,146.12899780273438,316.9200134277344,324.3500061035156,96.2300033569336
463,2021-10-29,168.6215057373047,148.27049255371094,323.57000732421875,331.6199951171875,95.94000244140625
464,2021-11-01,165.90550231933594,143.7740020751953,329.9800109863281,329.3699951171875,94.37999725341797
465,2021-11-02,165.6374969482422,145.86300659179688,328.0799865722656,333.1300048828125,95.87000274658203
466,2021-11-03,169.1999969482422,146.7899932861328,331.6199951171875,334.0,96.1500015258789
467,2021-11-04,173.85000610351562,148.68299865722656,335.8500061035156,336.44000244140625,95.62999725341797
468,2021-11-05,175.94949340820312,149.24099731445312,341.1300048828125,336.05999755859375,94.94999694824219
469,2021-11-08,174.44900512695312,149.35150146484375,338.6199951171875,336.989990234375,95.13999938964844
470,2021-11-09,178.81149291992188,149.24850463867188,335.3699951171875,335.95001220703125,94.58999633789062
471,2021-11-10,174.1024932861328,146.62600708007812,327.6400146484375,330.79998779296875,93.83000183105469
472,2021-11-11,173.625,146.7480010986328,327.739990234375,332.42999267578125,94.04000091552734
473,2021-11-12,176.25750732421875,149.64549255371094,340.8900146484375,336.7200012207031,93.54000091552734
474,2021-11-15,177.28399658203125,149.38800048828125,347.55999755859375,336.07000732421875,94.0199966430664
475,2021-11-16,177.03500366210938,149.0760040283203,342.9599914550781,339.510009765625,95.61000061035156
476,2021-11-17,177.4499969482422,149.06199645996094,340.7699890136719,339.1199951171875,95.33000183105469
477,2021-11-18,184.80299377441406,150.70899963378906,338.69000244140625,341.2699890136719,94.66000366210938
478,2021-11-19,183.82850646972656,149.95249938964844,345.29998779296875,343.1099853515625,93.97000122070312
479,2021-11-22,178.6284942626953,147.07850646972656,341.010009765625,339.8299865722656,94.61000061035156
480,2021-11-23,179.0019989013672,146.7570037841797,337.25,337.67999267578125,92.94000244140625
481,2021-11-24,179.02049255371094,146.71749877929688,341.05999755859375,337.9100036621094,93.58000183105469
482,2021-11-26,175.22799682617188,142.80599975585938,333.1199951171875,329.67999267578125,92.33000183105469
483,2021-11-29,178.07850646972656,146.11399841308594,338.0299987792969,336.6300048828125,92.94000244140625
484,2021-11-30,175.35350036621094,142.45199584960938,324.4599914550781,330.5899963378906,90.73999786376953
485,2021-12-01,172.18600463867188,141.6179962158203,310.6000061035156,330.0799865722656,89.75
486,2021-12-02,171.8679962158203,143.77650451660156,310.3900146484375,329.489990234375,89.98999786376953
487,2021-12-03,169.489501953125,142.52049255371094,306.8399963378906,323.010009765625,88.23999786376953
488,2021-12-06,171.36849975585938,143.79649353027344,317.8699951171875,326.19000244140625,88.94000244140625
489,2021-12-07,176.1645050048828,148.0364990234375,322.80999755859375,334.9200134277344,90.05000305175781
490,2021-12-08,176.1580047607422,148.7205047607422,330.55999755859375,334.9700012207031,88.94000244140625
491,2021-12-09,174.17100524902344,148.1060028076172,329.82000732421875,333.1000061035156,88.7699966430664
492,2021-12-10,172.21200561523438,148.6750030517578,329.75,342.5400085449219,102.62999725341797
493,2021-12-13,169.5675048828125,146.70449829101562,334.489990234375,339.3999938964844,100.88999938964844
494,2021-12-14,169.0915069580078,144.9705047607422,333.739990234375,328.3399963378906,99.88999938964844
495,2021-12-15,173.31500244140625,147.36849975585938,341.6600036621094,334.6499938964844,103.6500015258789
496,2021-12-16,168.87100219726562,144.8385009765625,334.8999938964844,324.8999938964844,103.22000122070312
497,2021-12-17,170.0175018310547,142.80299377441406,333.7900085449219,323.79998779296875,96.62000274658203
498,2021-12-20,167.07899475097656,142.40150451660156,325.45001220703125,319.9100036621094,91.63999938964844
499,2021-12-21,170.41700744628906,144.2205047607422,334.20001220703125,327.2900085449219,91.51000213623047
500,2021-12-22,171.03700256347656,146.94900512695312,330.45001220703125,333.20001220703125,89.86000061035156
501,2021-12-23,171.06849670410156,147.1425018310547,335.239990234375,334.69000244140625,89.72000122070312
502,2021-12-27,169.66949462890625,148.06399536132812,346.17999267578125,342.45001220703125,89.54000091552734
503,2021-12-28,170.66099548339844,146.447998046875,346.2200012207031,341.25,88.6500015258789
504,2021-12-29,169.2010040283203,146.50450134277344,342.94000244140625,341.95001220703125,88.20999908447266
505,2021-12-30,168.64450073242188,146.00250244140625,344.3599853515625,339.32000732421875,88.01000213623047
506,2021-12-31,166.7169952392578,144.67950439453125,336.3500061035156,336.32000732421875,87.20999908447266
